autosome	X	female	male
1153878	49731	0.041318235407013404	0.02109492014165932
